bank,vccio,signal,direction_fpga,iostandard,device,clock_capable_required,notes
35,1.8V,AD_P0_D0,in,LVCMOS18,AD9361,no,RX data (P0)
35,1.8V,AD_P0_D1,in,LVCMOS18,AD9361,no,RX data (P0)
35,1.8V,AD_P0_D2,in,LVCMOS18,AD9361,no,RX data (P0)
35,1.8V,AD_P0_D3,in,LVCMOS18,AD9361,no,RX data (P0)
35,1.8V,AD_P0_D4,in,LVCMOS18,AD9361,no,RX data (P0)
35,1.8V,AD_P0_D5,in,LVCMOS18,AD9361,no,RX data (P0)
35,1.8V,AD_P0_D6,in,LVCMOS18,AD9361,no,RX data (P0)
35,1.8V,AD_P0_D7,in,LVCMOS18,AD9361,no,RX data (P0)
35,1.8V,AD_P0_D8,in,LVCMOS18,AD9361,no,RX data (P0)
35,1.8V,AD_P0_D9,in,LVCMOS18,AD9361,no,RX data (P0)
35,1.8V,AD_P0_D10,in,LVCMOS18,AD9361,no,RX data (P0)
35,1.8V,AD_P0_D11,in,LVCMOS18,AD9361,no,RX data (P0)
35,1.8V,AD_P1_D0,out,LVCMOS18,AD9361,no,TX data (P1)
35,1.8V,AD_P1_D1,out,LVCMOS18,AD9361,no,TX data (P1)
35,1.8V,AD_P1_D2,out,LVCMOS18,AD9361,no,TX data (P1)
35,1.8V,AD_P1_D3,out,LVCMOS18,AD9361,no,TX data (P1)
35,1.8V,AD_P1_D4,out,LVCMOS18,AD9361,no,TX data (P1)
35,1.8V,AD_P1_D5,out,LVCMOS18,AD9361,no,TX data (P1)
35,1.8V,AD_P1_D6,out,LVCMOS18,AD9361,no,TX data (P1)
35,1.8V,AD_P1_D7,out,LVCMOS18,AD9361,no,TX data (P1)
35,1.8V,AD_P1_D8,out,LVCMOS18,AD9361,no,TX data (P1)
35,1.8V,AD_P1_D9,out,LVCMOS18,AD9361,no,TX data (P1)
35,1.8V,AD_P1_D10,out,LVCMOS18,AD9361,no,TX data (P1)
35,1.8V,AD_P1_D11,out,LVCMOS18,AD9361,no,TX data (P1)
35,1.8V,AD_DATA_CLK,in,LVCMOS18,AD9361,yes,RX data clock
35,1.8V,AD_FB_CLK,out,LVCMOS18,AD9361,no,TX feedback clock
35,1.8V,AD_RX_FRAME,in,LVCMOS18,AD9361,no,
35,1.8V,AD_TX_FRAME,out,LVCMOS18,AD9361,no,
35,1.8V,AD_SPI_CLK,out,LVCMOS18,AD9361,no,
35,1.8V,AD_SPI_DI,out,LVCMOS18,AD9361,no,FPGA->AD9361
35,1.8V,AD_SPI_DO,in,LVCMOS18,AD9361,no,AD9361->FPGA
35,1.8V,AD_SPI_ENB,out,LVCMOS18,AD9361,no,
35,1.8V,AD_ENABLE,out,LVCMOS18,AD9361,no,
35,1.8V,AD_TXNRX,out,LVCMOS18,AD9361,no,
35,1.8V,AD_RESETB,out,LVCMOS18,AD9361,no,
35,1.8V,AD_EN_AGC,out,LVCMOS18,AD9361,no,
35,1.8V,AD_SYNC_IN,out,LVCMOS18,AD9361,no,
35,1.8V,AD_CTRL_IN0,out,LVCMOS18,AD9361,no,gain control
35,1.8V,AD_CTRL_IN1,out,LVCMOS18,AD9361,no,gain control
35,1.8V,AD_CTRL_IN2,out,LVCMOS18,AD9361,no,gain control
35,1.8V,AD_CTRL_IN3,out,LVCMOS18,AD9361,no,gain control
13,1.8V,ADC_D0,in,LVCMOS18,LTC2262-14,no,full-rate CMOS
13,1.8V,ADC_D1,in,LVCMOS18,LTC2262-14,no,full-rate CMOS
13,1.8V,ADC_D2,in,LVCMOS18,LTC2262-14,no,full-rate CMOS
13,1.8V,ADC_D3,in,LVCMOS18,LTC2262-14,no,full-rate CMOS
13,1.8V,ADC_D4,in,LVCMOS18,LTC2262-14,no,full-rate CMOS
13,1.8V,ADC_D5,in,LVCMOS18,LTC2262-14,no,full-rate CMOS
13,1.8V,ADC_D6,in,LVCMOS18,LTC2262-14,no,full-rate CMOS
13,1.8V,ADC_D7,in,LVCMOS18,LTC2262-14,no,full-rate CMOS
13,1.8V,ADC_D8,in,LVCMOS18,LTC2262-14,no,full-rate CMOS
13,1.8V,ADC_D9,in,LVCMOS18,LTC2262-14,no,full-rate CMOS
13,1.8V,ADC_D10,in,LVCMOS18,LTC2262-14,no,full-rate CMOS
13,1.8V,ADC_D11,in,LVCMOS18,LTC2262-14,no,full-rate CMOS
13,1.8V,ADC_D12,in,LVCMOS18,LTC2262-14,no,full-rate CMOS
13,1.8V,ADC_D13,in,LVCMOS18,LTC2262-14,no,full-rate CMOS
13,1.8V,ADC_CLKOUT,in,LVCMOS18,LTC2262-14,yes,capture clock
13,1.8V,ADC_OF,in,LVCMOS18,LTC2262-14,no,overflow
13,1.8V,DAC_D0,out,LVCMOS18,AD9707,no,
13,1.8V,DAC_D1,out,LVCMOS18,AD9707,no,
13,1.8V,DAC_D2,out,LVCMOS18,AD9707,no,
13,1.8V,DAC_D3,out,LVCMOS18,AD9707,no,
13,1.8V,DAC_D4,out,LVCMOS18,AD9707,no,
13,1.8V,DAC_D5,out,LVCMOS18,AD9707,no,
13,1.8V,DAC_D6,out,LVCMOS18,AD9707,no,
13,1.8V,DAC_D7,out,LVCMOS18,AD9707,no,
13,1.8V,DAC_D8,out,LVCMOS18,AD9707,no,
13,1.8V,DAC_D9,out,LVCMOS18,AD9707,no,
13,1.8V,DAC_D10,out,LVCMOS18,AD9707,no,
13,1.8V,DAC_D11,out,LVCMOS18,AD9707,no,
13,1.8V,DAC_D12,out,LVCMOS18,AD9707,no,
13,1.8V,DAC_D13,out,LVCMOS18,AD9707,no,
13,1.8V,DAC_SLEEP,out,LVCMOS18,AD9707,no,
13,1.8V,HF_SPI_SCK,out,LVCMOS18,LTC2262-14/AD9707,no,shared
13,1.8V,HF_SPI_SDI,out,LVCMOS18,LTC2262-14/AD9707,no,shared
13,1.8V,HF_SPI_SDO,in,LVCMOS18,LTC2262-14/AD9707,no,shared
13,1.8V,HF_SPI_CS_ADC,out,LVCMOS18,LTC2262-14,no,
13,1.8V,HF_SPI_CS_DAC,out,LVCMOS18,AD9707,no,
13,1.8V,HFCLK_P,in,LVDS input (no DIFF_TERM at 1.8V; external termination),LMK03328,yes,150 MHz copy of DAC clock
13,1.8V,HFCLK_N,in,see HFCLK_P,LMK03328,yes,
34,3.3V,I2C_SCL,inout,LVCMOS33,"LMK03328, RF expanders, tune DAC, EEPROM",no,
34,3.3V,I2C_SDA,inout,LVCMOS33,as above,no,
34,3.3V,ADF_CLK,out,LVCMOS33,ADF4002,no,
34,3.3V,ADF_DATA,out,LVCMOS33,ADF4002,no,
34,3.3V,ADF_LE,out,LVCMOS33,ADF4002,no,
34,3.3V,ADF_MUXOUT,in,LVCMOS33,ADF4002,no,lock detect
34,3.3V,PPS_IN,in,LVCMOS33,SMA PPS buffer,no,
34,3.3V,EXTREF_DET,in,LVCMOS33,REF IN detector,no,
34,3.3V,LMK_LOL,in,LVCMOS33,LMK03328,no,loss of lock
34,3.3V,RFX_RX_INT,in,LVCMOS33,RX I2C expander,no,
34,3.3V,RFX_TX_INT,in,LVCMOS33,TX I2C expander,no,
34,3.3V,LED0,out,LVCMOS33,,no,
34,3.3V,LED1,out,LVCMOS33,,no,
34,3.3V,LED2,out,LVCMOS33,,no,
33,TBD,RESERVED,,,,,18 I/O: fast RF control / expansion
